hash,path
051ad0975b0fe42a381722d027364ef4,1
0659c025cdb6e3afbcecb8ddeb52ff7e,1
07f63c2ed334d6e3c31d13f4030156ed,1
0ba6b27dad449cbad5d3dbb883902909,1
0d854a374daae737aab4ab7c6e111836,1
112871ca99a2476614f08688781adb96,1
12c112a63d8262703301c74c49940045,1
135a0a7b2f5eece7ce53c6fbb26e9cd9,1
146bd4489ce261c4ef72f027a0661673,1
146c9e6eeb5dcc832ce308f3524174ed,1
19955317d33ba5a598a10a30fae60a86,1
21e1de528846733d78e3565a91145e3e,1
26a0390b1f215273625dd637e992b3fc,1
28948013ab5bc9247f7078faa9a5dc7e,1
2ce0738fb3a0787942c97a0c07d25c2c,1
30563046cfffb5be09ae4000120bd43e,1
318180663ad5fd5b3934f8753737ddfe,1
335fdbe789920ca82042127eaa14ca67,1
374f0604be4b276c023e330f409d2a7b,1
396145b7d321a421958ba89a96b4a9db,1
39dcd2016ecf916db52a4679e1025705,1
3dbca5fb258ad43a76ffa60c4fd30016,1
3de7b9abf96c6d35aad1c9f9448bf60c,1
419dcf5f39be85bd23fd353392177f4c,1
44add77c64bf950e1fb696e590d19e54,1
48a6c440d1c26d1892712c149d643d9a,1
4d0c606b822f16e97762a413b3e102c6,1
4d8c40e515d43b15a2dd6f826fdd1163,1
4e42cef2c4b28c4505c19e78dbe7440a,1
5860d01ae109b58b1b8074151e761ab2,1
587ad22de54c92dc1963f14f33cfa753,1
5b0e3e1f32ff833792ebbf1df9d8db8b,1
5b3a6eb998ad242072d9dc4202fa160c,1
5f27466e92caf57a930058b683ad5f7e,1
63cd64bf1f1a67dfd7a8351712c2abd3,1
683d7efc80e910a2691880ca0ad9d059,1
689a4e61ff572cb10ca471fb58004df1,1
6af5d6b04da03951ec4a3e60a2852c16,1
6bcb3dd1f6148d9c388d32953b7a030c,1
717ffea24abf07809bff6a09d661f0c4,1
7361bc2ea88700bde3feb47b4f2b472d,1
74198ac70368792400a3a1a0900cc769,1
7563dd09a6e4cf4721f6016cf5735d57,1
7d00048c31954a92fa7a97f562372179,1
81be592e9bd8936c8a16a55ed937f4e0,1
89a341abb9eb40c850e2ae010cf5e02a,1
9115d4fe2ee2db0f49218591d2385715,1
91d41e764b767ec02265f70b094a73f2,1
92c945ef8bb77b0b68f07c6103d41e71,1
933827ccd64bd5345025069ddc79451f,4
97fdeadf46f47104cd79420f28015d44,1
a87ce3dcfe82de7cc94c02c63516d948,1
ac30e5f00f3a848e6b174b081de267f8,1
afd165573dd62113bdbf71311cbb503f,1
b0e9e86bffc42a162b6fb19cbe00034c,1
b26dc13c47c6db67c972435ae3e56a06,1
b777dfc6904cee5e244c9da08bc84613,1
b8cc4ead5b44bdd8e994c21287e618e8,1
bc7c575b4ec079f684e0c19f55fb3042,1
c06af70c7657c2f863027ef1c16a7425,1
c501dc8ca61bd574de4efdd71e4cfba4,1
cc5e1128d73fa665d69939e6c088da18,1
d1209a226f676d9f92e742100987671b,1
d1328294695f0887722605bc66c0aa63,1
d3773a9b2bf4fac3ffe8656e253195eb,1
df99a3bd654a3d4619e963c41a01862f,1
e4c11f8ebaec043522fc2ace6c4fd197,1
e86bdc1207082de70c7cb76938a33e1c,1
eadbf7dd1c8d30f471f6ada31fe6a467,1
f2176243068a5291219ea2acbe512026,1
f552b34bfaec0b1c49939c8de5bf09cd,1
f59d6ec3df66537b0f82622db13a6d22,1
f67308e65280f43c78398f1c9da6c52d,1
fc1aaa672f02efd05d7a2384e947c227,1
